[
  {
    "id": 1,
    "question": "What is the fundamental principle behind diversification in investing?",
    "options": ["Putting all money in one investment", "Spreading investments across different assets", "Only investing in stocks", "Avoiding all risks"],
    "correct": 1,
    "explanation": "Diversification means spreading your investments across different assets to reduce risk. The saying 'don't put all your eggs in one basket' perfectly captures this concept.",
    "category": "educational"
  },
  {
    "id": 2,
    "question": "What is compound interest often called?",
    "options": ["Simple interest", "The eighth wonder of the world", "Basic math", "Quick money"],
    "correct": 1,
    "explanation": "Albert Einstein allegedly called compound interest 'the eighth wonder of the world' because your money earns returns, and those returns earn returns too, creating exponential growth over time.",
    "category": "educational"
  },
  {
    "id": 3,
    "question": "What is the relationship between risk and potential return in investing?",
    "options": ["Higher risk, lower return", "No relationship", "Higher risk, higher potential return", "Lower risk, higher return"],
    "correct": 2,
    "explanation": "Generally, investments with higher risk offer the potential for higher returns. This is because investors demand compensation for taking on additional risk.",
    "category": "educational"
  },
  {
    "id": 4,
    "question": "What should be your first step before investing?",
    "options": ["Buy popular stocks", "Create an emergency fund", "Invest in crypto", "Take a loan"],
    "correct": 1,
    "explanation": "Before investing, you should have an emergency fund covering 3-6 months of expenses. This ensures you won't need to sell investments during emergencies.",
    "category": "educational"
  },
  {
    "id": 5,
    "question": "What is dollar-cost averaging?",
    "options": ["Buying expensive stocks", "Investing the same amount regularly", "Timing the market", "Buying only cheap stocks"],
    "correct": 1,
    "explanation": "Dollar-cost averaging involves investing a fixed amount regularly, regardless of market conditions. This strategy helps reduce the impact of market volatility.",
    "category": "educational"
  },
  {
    "id": 6,
    "question": "What is inflation's effect on money over time?",
    "options": ["Increases purchasing power", "No effect", "Decreases purchasing power", "Doubles money value"],
    "correct": 2,
    "explanation": "Inflation reduces the purchasing power of money over time. What costs $100 today might cost $103 next year with 3% inflation.",
    "category": "educational"
  },
  {
    "id": 7,
    "question": "What is the most important factor in building wealth through investing?",
    "options": ["Luck", "Time", "Large initial investment", "Perfect timing"],
    "correct": 1,
    "explanation": "Time is the most powerful factor in wealth building due to compound interest. Starting early, even with small amounts, can lead to significant wealth over time.",
    "category": "educational"
  },
  {
    "id": 8,
    "question": "What does 'buy and hold' strategy mean?",
    "options": ["Buy and sell quickly", "Hold cash only", "Buy investments and keep them long-term", "Buy only when prices are low"],
    "correct": 2,
    "explanation": "Buy and hold means purchasing investments and keeping them for extended periods, typically years or decades, to benefit from long-term growth.",
    "category": "educational"
  },
  {
    "id": 9,
    "question": "What is asset allocation?",
    "options": ["Buying one type of asset", "Dividing investments among different asset classes", "Selling all assets", "Timing market entries"],
    "correct": 1,
    "explanation": "Asset allocation is dividing your investment portfolio among different asset classes like stocks, bonds, and cash to balance risk and return.",
    "category": "educational"
  },
  {
    "id": 10,
    "question": "What is the primary benefit of starting to invest early?",
    "options": ["Higher initial returns", "More time for compound growth", "Lower taxes", "Guaranteed profits"],
    "correct": 1,
    "explanation": "Starting early gives your investments more time to benefit from compound growth, where your returns generate their own returns over time.",
    "category": "educational"
  },
  {
    "id": 11,
    "question": "What is a mutual fund?",
    "options": ["A single stock", "A pooled investment vehicle", "A bank account", "A type of bond"],
    "correct": 1,
    "explanation": "A mutual fund pools money from many investors to buy a diversified portfolio of stocks, bonds, or other securities, managed by professionals.",
    "category": "educational"
  },
  {
    "id": 12,
    "question": "What is market volatility?",
    "options": ["Steady prices", "Price fluctuations", "High returns", "Low risk"],
    "correct": 1,
    "explanation": "Market volatility refers to the degree of price fluctuations in investments. Higher volatility means prices change more dramatically over short periods.",
    "category": "educational"
  },
  {
    "id": 13,
    "question": "What is the purpose of setting financial goals?",
    "options": ["To impress others", "To guide investment decisions", "To avoid investing", "To spend more money"],
    "correct": 1,
    "explanation": "Financial goals help guide your investment decisions by determining your time horizon, risk tolerance, and the amount you need to invest.",
    "category": "educational"
  },
  {
    "id": 14,
    "question": "What is emotional investing?",
    "options": ["Logical decision making", "Making decisions based on feelings", "Following expert advice", "Using data analysis"],
    "correct": 1,
    "explanation": "Emotional investing means making investment decisions based on emotions like fear or greed rather than logical analysis, which often leads to poor outcomes.",
    "category": "educational"
  },
  {
    "id": 15,
    "question": "What is the benefit of automatic investing?",
    "options": ["Higher returns", "Removes emotion from investing", "Guarantees profits", "Eliminates all risk"],
    "correct": 1,
    "explanation": "Automatic investing helps remove emotions from investment decisions and ensures consistent investing regardless of market conditions or how you're feeling.",
    "category": "educational"
  },
  {
    "id": 16,
    "question": "What is liquidity in investing?",
    "options": ["How risky an investment is", "How easily an investment can be converted to cash", "How much profit you make", "How long you hold an investment"],
    "correct": 1,
    "explanation": "Liquidity refers to how quickly and easily an investment can be converted to cash without significantly affecting its price.",
    "category": "educational"
  },
  {
    "id": 17,
    "question": "What is the difference between saving and investing?",
    "options": ["No difference", "Saving is for short-term, investing for long-term growth", "Investing is always safer", "Saving always gives higher returns"],
    "correct": 1,
    "explanation": "Saving typically involves low-risk, low-return options for short-term needs, while investing involves higher risk for potentially higher long-term growth.",
    "category": "educational"
  },
  {
    "id": 18,
    "question": "What is rebalancing a portfolio?",
    "options": ["Selling all investments", "Adjusting portfolio back to target allocation", "Buying only new stocks", "Avoiding all changes"],
    "correct": 1,
    "explanation": "Rebalancing involves adjusting your portfolio back to your target asset allocation by buying or selling investments to maintain your desired risk level.",
    "category": "educational"
  },
  {
    "id": 19,
    "question": "What is the power of starting to invest with small amounts?",
    "options": ["It's pointless", "Small amounts can grow significantly over time", "Only large amounts matter", "Small amounts are too risky"],
    "correct": 1,
    "explanation": "Even small amounts can grow significantly over time due to compound interest. Starting with what you can afford is better than not starting at all.",
    "category": "educational"
  },
  {
    "id": 20,
    "question": "What is market timing?",
    "options": ["Investing regularly", "Trying to predict market movements", "Holding investments long-term", "Diversifying investments"],
    "correct": 1,
    "explanation": "Market timing is attempting to predict when to buy and sell investments based on market movements. It's extremely difficult and often counterproductive.",
    "category": "educational"
  },
  {
    "id": 21,
    "question": "What is the importance of having an investment plan?",
    "options": ["It's unnecessary", "Provides structure and discipline", "Guarantees success", "Makes investing complicated"],
    "correct": 1,
    "explanation": "An investment plan provides structure, helps maintain discipline, and keeps you focused on your long-term goals rather than short-term market movements.",
    "category": "educational"
  },
  {
    "id": 22,
    "question": "What is the concept of 'paying yourself first'?",
    "options": ["Buying expensive items first", "Investing before spending on non-essentials", "Paying bills late", "Avoiding all expenses"],
    "correct": 1,
    "explanation": "'Paying yourself first' means setting aside money for savings and investments before spending on non-essential items, prioritizing your financial future.",
    "category": "educational"
  },
  {
    "id": 23,
    "question": "What is the role of patience in investing?",
    "options": ["Not important", "Essential for long-term success", "Only needed for day trading", "Causes losses"],
    "correct": 1,
    "explanation": "Patience is essential in investing because it allows you to ride out market volatility and benefit from long-term compound growth.",
    "category": "educational"
  },
  {
    "id": 24,
    "question": "What is the benefit of investing in index funds?",
    "options": ["Guaranteed profits", "Low costs and broad diversification", "High risk, high reward", "Active management"],
    "correct": 1,
    "explanation": "Index funds offer low costs and broad diversification by tracking a market index, making them an excellent choice for long-term investors.",
    "category": "educational"
  },
  {
    "id": 25,
    "question": "What is the importance of understanding fees in investing?",
    "options": ["Fees don't matter", "High fees can significantly reduce returns over time", "Higher fees mean better performance", "Fees are always the same"],
    "correct": 1,
    "explanation": "Investment fees compound over time and can significantly reduce your returns. A 1% difference in fees can cost thousands over decades.",
    "category": "educational"
  },
  {
    "id": 26,
    "question": "What is the concept of risk tolerance?",
    "options": ["How much money you have", "Your ability to handle investment losses", "Your investment knowledge", "Your age"],
    "correct": 1,
    "explanation": "Risk tolerance is your emotional and financial ability to handle potential losses in your investments without panicking or changing your strategy.",
    "category": "educational"
  },
  {
    "id": 27,
    "question": "What is the benefit of regular investment reviews?",
    "options": ["To panic about losses", "To ensure alignment with goals", "To time the market", "To increase trading frequency"],
    "correct": 1,
    "explanation": "Regular reviews help ensure your investments remain aligned with your goals, risk tolerance, and life circumstances, allowing for necessary adjustments.",
    "category": "educational"
  },
  {
    "id": 28,
    "question": "What is the importance of financial education?",
    "options": ["It's unnecessary", "Helps make informed investment decisions", "Only for professionals", "Guarantees success"],
    "correct": 1,
    "explanation": "Financial education helps you make informed decisions, avoid common mistakes, and understand the principles that lead to long-term investment success.",
    "category": "educational"
  },
  {
    "id": 29,
    "question": "What is the concept of opportunity cost in investing?",
    "options": ["The cost of buying investments", "What you give up when making a choice", "Investment fees", "Market losses"],
    "correct": 1,
    "explanation": "Opportunity cost is what you give up when making an investment choice. For example, keeping money in cash means giving up potential investment growth.",
    "category": "educational"
  },
  {
    "id": 30,
    "question": "What is the importance of staying invested during market downturns?",
    "options": ["It's always wrong", "Allows you to benefit from recovery", "Guarantees losses", "Only for experts"],
    "correct": 1,
    "explanation": "Staying invested during downturns allows you to benefit from market recovery. Selling during downturns locks in losses and misses the rebound.",
    "category": "educational"
  },
  {
    "id": 31,
    "question": "What is the benefit of having multiple income streams?",
    "options": ["More complexity", "Increased financial security", "Higher taxes", "More work"],
    "correct": 1,
    "explanation": "Multiple income streams provide financial security and reduce dependence on a single source, making your financial situation more resilient.",
    "category": "educational"
  },
  {
    "id": 32,
    "question": "What is the importance of understanding your investment timeline?",
    "options": ["It doesn't matter", "Determines appropriate risk level", "Only affects taxes", "Complicates decisions"],
    "correct": 1,
    "explanation": "Your investment timeline determines how much risk you can take. Longer timelines allow for more risk and potential growth, shorter ones require more stability.",
    "category": "educational"
  },
  {
    "id": 33,
    "question": "What is the concept of living below your means?",
    "options": ["Being cheap", "Spending less than you earn", "Avoiding all expenses", "Living poorly"],
    "correct": 1,
    "explanation": "Living below your means involves spending less than you earn, creating surplus money that can be saved and invested for future financial security.",
    "category": "educational"
  },
  {
    "id": 34,
    "question": "What is the importance of emergency funds before investing?",
    "options": ["Not necessary", "Prevents need to sell investments during emergencies", "Reduces investment returns", "Only for wealthy people"],
    "correct": 1,
    "explanation": "Emergency funds prevent you from having to sell investments during financial emergencies, allowing your investments to continue growing uninterrupted.",
    "category": "educational"
  },
  {
    "id": 35,
    "question": "What is the benefit of consistent investing habits?",
    "options": ["Guarantees profits", "Builds wealth through discipline", "Eliminates all risk", "Requires perfect timing"],
    "correct": 1,
    "explanation": "Consistent investing habits build wealth through discipline and the power of compound growth, regardless of market timing or conditions.",
    "category": "educational"
  },
  {
    "id": 36,
    "question": "What is the importance of understanding market cycles?",
    "options": ["To time the market perfectly", "To maintain perspective during volatility", "To predict exact movements", "To avoid all investments"],
    "correct": 1,
    "explanation": "Understanding market cycles helps maintain perspective during volatility, knowing that markets naturally go through periods of growth and decline.",
    "category": "educational"
  },
  {
    "id": 37,
    "question": "What is the concept of investment discipline?",
    "options": ["Changing strategy frequently", "Sticking to your plan despite emotions", "Following market trends", "Avoiding all risks"],
    "correct": 1,
    "explanation": "Investment discipline means sticking to your long-term plan despite short-term market movements, emotions, or popular trends that might tempt you to deviate.",
    "category": "educational"
  },
  {
    "id": 38,
    "question": "What is the importance of starting retirement planning early?",
    "options": ["It's not urgent", "More time for compound growth", "Only for older people", "Guarantees comfortable retirement"],
    "correct": 1,
    "explanation": "Starting retirement planning early gives your money more time to grow through compound interest, making it easier to achieve your retirement goals.",
    "category": "educational"
  },
  {
    "id": 39,
    "question": "What is the benefit of understanding your personal financial situation?",
    "options": ["It's depressing", "Enables better investment decisions", "Complicates planning", "Only for accountants"],
    "correct": 1,
    "explanation": "Understanding your financial situation helps you make appropriate investment decisions based on your income, expenses, debts, and goals.",
    "category": "educational"
  },
  {
    "id": 40,
    "question": "What is the importance of avoiding investment fads?",
    "options": ["Fads always work", "Prevents emotional decision-making", "Misses opportunities", "Only for beginners"],
    "correct": 1,
    "explanation": "Avoiding investment fads prevents emotional decision-making and helps you stick to proven, long-term investment principles rather than chasing trends.",
    "category": "educational"
  },
  {
    "id": 41,
    "question": "What is the concept of investment research?",
    "options": ["Unnecessary complexity", "Understanding before investing", "Following tips", "Avoiding all analysis"],
    "correct": 1,
    "explanation": "Investment research involves understanding what you're investing in, including risks, potential returns, and how it fits your overall strategy.",
    "category": "educational"
  },
  {
    "id": 42,
    "question": "What is the importance of tax-efficient investing?",
    "options": ["Taxes don't matter", "Maximizes after-tax returns", "Only for wealthy investors", "Complicates investing"],
    "correct": 1,
    "explanation": "Tax-efficient investing helps maximize your after-tax returns by using strategies like tax-advantaged accounts and tax-efficient investments.",
    "category": "educational"
  },
  {
    "id": 43,
    "question": "What is the benefit of long-term thinking in investing?",
    "options": ["Misses short-term opportunities", "Reduces impact of market volatility", "Guarantees success", "Only for patient people"],
    "correct": 1,
    "explanation": "Long-term thinking reduces the impact of short-term market volatility and allows you to benefit from the overall upward trend of markets over time.",
    "category": "educational"
  },
  {
    "id": 44,
    "question": "What is the importance of understanding investment costs?",
    "options": ["Costs are negligible", "High costs reduce long-term returns", "Higher costs mean better performance", "Costs are always transparent"],
    "correct": 1,
    "explanation": "Investment costs compound over time and can significantly reduce your long-term returns. Understanding and minimizing costs is crucial for success.",
    "category": "educational"
  },
  {
    "id": 45,
    "question": "What is the concept of financial independence?",
    "options": ["Having a job", "Having enough assets to live without working", "Being wealthy", "Avoiding all debts"],
    "correct": 1,
    "explanation": "Financial independence means having enough invested assets to generate income that covers your living expenses without needing to work.",
    "category": "educational"
  },
  {
    "id": 46,
    "question": "What is the importance of regular saving habits?",
    "options": ["Only for emergencies", "Creates foundation for investing", "Reduces quality of life", "Only for high earners"],
    "correct": 1,
    "explanation": "Regular saving habits create the foundation for investing by providing the money needed to build wealth and achieve financial goals over time.",
    "category": "educational"
  },
  {
    "id": 47,
    "question": "What is the benefit of understanding risk vs. reward?",
    "options": ["Eliminates all risk", "Helps make appropriate investment choices", "Guarantees high returns", "Complicates decisions"],
    "correct": 1,
    "explanation": "Understanding risk vs. reward helps you make investment choices appropriate for your situation, balancing potential returns with acceptable risk levels.",
    "category": "educational"
  },
  {
    "id": 48,
    "question": "What is the importance of avoiding debt for investing?",
    "options": ["Debt is always good", "High-interest debt reduces investment returns", "Debt doesn't affect investing", "Only for conservative investors"],
    "correct": 1,
    "explanation": "High-interest debt (like credit cards) typically costs more than investment returns, so paying off such debt is often better than investing.",
    "category": "educational"
  },
  {
    "id": 49,
    "question": "What is the concept of investment patience?",
    "options": ["Waiting for perfect timing", "Allowing time for growth", "Avoiding all action", "Only for older investors"],
    "correct": 1,
    "explanation": "Investment patience means allowing time for your investments to grow, understanding that wealth building is a gradual process that requires time.",
    "category": "educational"
  },
  {
    "id": 50,
    "question": "What is the most important lesson for new investors?",
    "options": ["Start with large amounts", "Start early and stay consistent", "Time the market perfectly", "Follow expert predictions"],
    "correct": 1,
    "explanation": "The most important lesson is to start early and stay consistent. Time and consistency are more powerful than perfect timing or large initial amounts.",
    "category": "educational"
  },
  {
    "id": 51,
    "question": "Which of these is NOT a benefit of diversification?",
    "options": ["Reduced risk", "Guaranteed profits", "Smoother returns", "Protection from single asset failure"],
    "correct": 1,
    "explanation": "Diversification reduces risk and smooths returns but never guarantees profits. It's about managing risk, not eliminating it entirely.",
    "category": "twisted"
  },
  {
    "id": 52,
    "question": "What would happen if you started investing 10 years later?",
    "options": ["Same results", "Significantly less wealth due to lost compound growth", "Better results", "No difference"],
    "correct": 1,
    "explanation": "Starting 10 years later means losing a decade of compound growth, which could cost hundreds of thousands in potential wealth over a lifetime.",
    "category": "twisted"
  },
  {
    "id": 53,
    "question": "Which scenario represents the WORST risk management?",
    "options": ["Diversified portfolio", "All money in one stock", "Balanced asset allocation", "Regular rebalancing"],
    "correct": 1,
    "explanation": "Putting all money in one stock represents the worst risk management as you have no protection if that single investment fails.",
    "category": "twisted"
  },
  {
    "id": 54,
    "question": "What if you only invested when you felt confident about the market?",
    "options": ["Better returns", "Perfect timing", "Likely miss most growth opportunities", "Guaranteed success"],
    "correct": 2,
    "explanation": "Waiting for confidence often means missing opportunities. Markets climb a 'wall of worry' and the best times to invest often feel the scariest.",
    "category": "twisted"
  },
  {
    "id": 55,
    "question": "Which is NOT an effective dollar-cost averaging strategy?",
    "options": ["Investing monthly regardless of price", "Investing only when markets are up", "Automatic investment plans", "Regular contribution schedules"],
    "correct": 1,
    "explanation": "Dollar-cost averaging means investing regularly regardless of market conditions. Only investing when markets are up defeats the purpose.",
    "category": "twisted"
  },
  {
    "id": 56,
    "question": "What if inflation is 4% and your savings account earns 1%?",
    "options": ["You're gaining 1%", "You're losing 3% purchasing power annually", "No impact", "You're breaking even"],
    "correct": 1,
    "explanation": "With 4% inflation and 1% returns, you're losing 3% purchasing power each year. Your money buys less over time despite earning interest.",
    "category": "twisted"
  },
  {
    "id": 57,
    "question": "Which factor is LEAST important for long-term wealth building?",
    "options": ["Time in market", "Consistent investing", "Perfect market timing", "Starting early"],
    "correct": 2,
    "explanation": "Perfect market timing is nearly impossible and least important. Time in market, consistency, and starting early are far more crucial for success.",
    "category": "twisted"
  },
  {
    "id": 58,
    "question": "What's the problem with constantly buying and selling investments?",
    "options": ["Higher returns", "Lower taxes", "Higher costs and taxes reduce returns", "Better diversification"],
    "correct": 2,
    "explanation": "Frequent trading generates higher transaction costs and taxes, which significantly reduce your net returns over time.",
    "category": "twisted"
  },
  {
    "id": 59,
    "question": "Which asset allocation mistake do young investors often make?",
    "options": ["Too much in stocks", "Too conservative for their age", "Perfect allocation", "Too much diversification"],
    "correct": 1,
    "explanation": "Young investors often invest too conservatively, missing out on growth potential. With decades until retirement, they can afford more risk for higher returns.",
    "category": "twisted"
  },
  {
    "id": 60,
    "question": "What if you wait until you have 'enough' money to start investing?",
    "options": ["Better strategy", "You'll likely never start", "Guaranteed success", "Lower risk"],
    "correct": 1,
    "explanation": "Waiting for 'enough' money often means never starting. Starting small is better than not starting at all due to compound growth over time.",
    "category": "twisted"
  },
  {
    "id": 61,
    "question": "Which is NOT a characteristic of successful long-term investors?",
    "options": ["Patience", "Discipline", "Frequent strategy changes", "Consistent contributions"],
    "correct": 2,
    "explanation": "Successful long-term investors maintain consistent strategies. Frequent changes often lead to buying high and selling low, reducing returns.",
    "category": "twisted"
  },
  {
    "id": 62,
    "question": "What happens when you panic sell during market crashes?",
    "options": ["Protect your money", "Lock in losses and miss recovery", "Perfect timing", "Reduce risk"],
    "correct": 1,
    "explanation": "Panic selling locks in losses and causes you to miss the recovery. Markets historically recover from crashes, rewarding patient investors.",
    "category": "twisted"
  },
  {
    "id": 63,
    "question": "Which approach to financial goals is LEAST effective?",
    "options": ["Specific targets", "Written plans", "Vague wishes", "Regular reviews"],
    "correct": 2,
    "explanation": "Vague wishes without specific targets, written plans, or regular reviews are least effective. Clear, measurable goals drive better investment decisions.",
    "category": "twisted"
  },
  {
    "id": 64,
    "question": "What's wrong with making investment decisions based on fear or greed?",
    "options": ["Always profitable", "Leads to buying high and selling low", "Reduces risk", "Improves timing"],
    "correct": 1,
    "explanation": "Fear and greed lead to poor timing - buying when excited (high prices) and selling when scared (low prices), the opposite of successful investing.",
    "category": "twisted"
  },
  {
    "id": 65,
    "question": "Which is NOT a benefit of automatic investing?",
    "options": ["Removes emotions", "Ensures consistency", "Guarantees perfect timing", "Builds discipline"],
    "correct": 2,
    "explanation": "Automatic investing doesn't guarantee perfect timing - no strategy can. It helps with consistency and removes emotional decision-making.",
    "category": "twisted"
  },
  {
    "id": 66,
    "question": "What if you need your investment money in 6 months?",
    "options": ["Invest in stocks", "Keep in high-yield savings", "Buy risky assets", "Use leverage"],
    "correct": 1,
    "explanation": "Money needed within a year should stay in safe, liquid accounts like high-yield savings. Short-term money shouldn't be invested in volatile assets.",
    "category": "twisted"
  },
  {
    "id": 67,
    "question": "Which saving vs. investing approach is backwards?",
    "options": ["Save for emergencies, invest for growth", "Invest everything, save nothing", "Save short-term, invest long-term", "Build emergency fund first"],
    "correct": 1,
    "explanation": "Investing everything without savings is backwards and dangerous. You need emergency savings before investing to avoid selling investments during crises.",
    "category": "twisted"
  },
  {
    "id": 68,
    "question": "What's the danger of never rebalancing your portfolio?",
    "options": ["Perfect allocation", "Risk level drifts from target", "Higher returns", "Lower costs"],
    "correct": 1,
    "explanation": "Without rebalancing, your portfolio's risk level drifts as some investments grow faster than others, potentially making it riskier than intended.",
    "category": "twisted"
  },
  {
    "id": 69,
    "question": "Which mindset about small investment amounts is wrong?",
    "options": ["Every dollar counts", "Small amounts grow over time", "Small amounts are worthless", "Start with what you have"],
    "correct": 2,
    "explanation": "Thinking small amounts are worthless prevents people from starting. Small amounts can grow significantly over time through compound interest.",
    "category": "twisted"
  },
  {
    "id": 70,
    "question": "What's the problem with trying to time the market perfectly?",
    "options": ["Always works", "Nearly impossible and often counterproductive", "Reduces risk", "Guarantees success"],
    "correct": 1,
    "explanation": "Market timing is nearly impossible and often counterproductive. Even professionals struggle with timing, and missed opportunities can be costly.",
    "category": "twisted"
  },
  {
    "id": 71,
    "question": "Which approach to investment planning is most likely to fail?",
    "options": ["Written goals", "Regular reviews", "No plan at all", "Professional advice"],
    "correct": 2,
    "explanation": "Having no plan at all is most likely to fail. Without direction, you're likely to make emotional decisions and lack consistency.",
    "category": "twisted"
  },
  {
    "id": 72,
    "question": "What if you spend first and save whatever is left?",
    "options": ["Optimal strategy", "You'll likely save very little", "Guarantees wealth", "Reduces stress"],
    "correct": 1,
    "explanation": "Spending first usually leaves little or nothing to save. 'Paying yourself first' by saving before spending is more effective for building wealth.",
    "category": "twisted"
  },
  {
    "id": 73,
    "question": "Which attitude toward investing patience is most harmful?",
    "options": ["Long-term focus", "Expecting instant results", "Gradual wealth building", "Compound growth mindset"],
    "correct": 1,
    "explanation": "Expecting instant results leads to disappointment and poor decisions. Wealth building requires patience and understanding that growth takes time.",
    "category": "twisted"
  },
  {
    "id": 74,
    "question": "What's wrong with choosing investments based only on past performance?",
    "options": ["Always reliable", "Past performance doesn't guarantee future results", "Reduces risk", "Simplifies decisions"],
    "correct": 1,
    "explanation": "Past performance doesn't guarantee future results. Chasing last year's winners often leads to buying high and missing future opportunities.",
    "category": "twisted"
  },
  {
    "id": 75,
    "question": "Which fee attitude costs investors the most money?",
    "options": ["Comparing fees carefully", "Ignoring fees completely", "Seeking low-cost options", "Understanding fee impact"],
    "correct": 1,
    "explanation": "Ignoring fees completely costs the most. High fees compound over time and can reduce your wealth by hundreds of thousands of dollars.",
    "category": "twisted"
  },
  {
    "id": 76,
    "question": "What happens if you constantly change your risk tolerance?",
    "options": ["Better returns", "Inconsistent strategy and poor results", "Perfect optimization", "Reduced volatility"],
    "correct": 1,
    "explanation": "Constantly changing risk tolerance leads to inconsistent strategies and often results in buying high (when confident) and selling low (when scared).",
    "category": "twisted"
  },
  {
    "id": 77,
    "question": "Which investment review frequency is most problematic?",
    "options": ["Annual reviews", "Never reviewing", "Quarterly check-ins", "Major life event reviews"],
    "correct": 1,
    "explanation": "Never reviewing your investments is problematic as your situation changes over time. Regular reviews ensure alignment with your goals.",
    "category": "twisted"
  },
  {
    "id": 78,
    "question": "What's the danger of thinking you don't need financial education?",
    "options": ["Saves time", "Leads to costly mistakes", "Simplifies investing", "Reduces stress"],
    "correct": 1,
    "explanation": "Avoiding financial education often leads to costly mistakes that could have been prevented with basic knowledge about investing principles.",
    "category": "twisted"
  },
  {
    "id": 79,
    "question": "Which opportunity cost mistake do people commonly make?",
    "options": ["Considering alternatives", "Keeping all money in low-yield savings", "Weighing options", "Understanding trade-offs"],
    "correct": 1,
    "explanation": "Keeping all money in low-yield savings has a high opportunity cost - you miss out on potential investment growth over time.",
    "category": "twisted"
  },
  {
    "id": 80,
    "question": "What if you sell all investments every time markets decline?",
    "options": ["Protect wealth", "Miss all recoveries and lock in losses", "Perfect strategy", "Reduce risk"],
    "correct": 1,
    "explanation": "Selling during every decline means missing recoveries and locking in losses. Markets historically recover, rewarding patient investors.",
    "category": "twisted"
  },
  {
    "id": 81,
    "question": "Which income approach provides the LEAST financial security?",
    "options": ["Multiple income streams", "Single job dependency", "Diversified income sources", "Investment income"],
    "correct": 1,
    "explanation": "Depending on a single job provides the least security. Multiple income streams protect against job loss and provide more financial stability.",
    "category": "twisted"
  },
  {
    "id": 82,
    "question": "What's wrong with ignoring your investment timeline?",
    "options": ["No impact", "Leads to inappropriate risk levels", "Simplifies decisions", "Improves returns"],
    "correct": 1,
    "explanation": "Ignoring your timeline can lead to taking inappropriate risk - too much risk for short-term goals or too little for long-term goals.",
    "category": "twisted"
  },
  {
    "id": 83,
    "question": "Which lifestyle choice undermines wealth building?",
    "options": ["Living below means", "Spending more than you earn", "Budgeting expenses", "Tracking spending"],
    "correct": 1,
    "explanation": "Spending more than you earn prevents wealth building and often leads to debt. Living below your means creates surplus for saving and investing.",
    "category": "twisted"
  },
  {
    "id": 84,
    "question": "What happens if you invest before building an emergency fund?",
    "options": ["Faster wealth building", "May need to sell investments during emergencies", "Reduces risk", "Improves returns"],
    "correct": 1,
    "explanation": "Without an emergency fund, you might need to sell investments during crises, potentially locking in losses and interrupting compound growth.",
    "category": "twisted"
  },
  {
    "id": 85,
    "question": "Which investing habit is most likely to fail?",
    "options": ["Regular contributions", "Sporadic, emotional investing", "Automatic investing", "Consistent strategy"],
    "correct": 1,
    "explanation": "Sporadic, emotional investing often leads to poor timing and inconsistent results. Regular, disciplined investing is more likely to succeed.",
    "category": "twisted"
  },
  {
    "id": 86,
    "question": "What's the problem with ignoring market cycles?",
    "options": ["Better returns", "Panic during normal downturns", "Reduces volatility", "Improves timing"],
    "correct": 1,
    "explanation": "Ignoring market cycles can cause panic during normal downturns. Understanding cycles helps maintain perspective and avoid emotional decisions.",
    "category": "twisted"
  },
  {
    "id": 87,
    "question": "Which approach to investment discipline is most harmful?",
    "options": ["Sticking to your plan", "Changing strategy with every market move", "Long-term focus", "Ignoring short-term noise"],
    "correct": 1,
    "explanation": "Changing strategy with every market move destroys discipline and often leads to buying high and selling low, reducing long-term returns.",
    "category": "twisted"
  },
  {
    "id": 88,
    "question": "What if you assume you'll start retirement planning 'someday'?",
    "options": ["Perfect timing", "You'll likely start too late", "No difference", "Better preparation"],
    "correct": 1,
    "explanation": "'Someday' often becomes 'never' or 'too late.' Starting retirement planning early is crucial for building adequate retirement wealth.",
    "category": "twisted"
  },
  {
    "id": 89,
    "question": "Which financial self-awareness mistake is most costly?",
    "options": ["Knowing your situation", "Completely ignoring your finances", "Regular check-ups", "Understanding cash flow"],
    "correct": 1,
    "explanation": "Completely ignoring your finances prevents good decision-making and often leads to overspending, under-saving, and inappropriate investments.",
    "category": "twisted"
  },
  {
    "id": 90,
    "question": "What's the danger of always chasing investment fads?",
    "options": ["Higher returns", "Buying high and selling low", "Better diversification", "Reduced risk"],
    "correct": 1,
    "explanation": "Chasing fads often means buying after prices have risen (high) and selling when they fall (low), the opposite of successful investing.",
    "category": "twisted"
  },
  {
    "id": 91,
    "question": "Which research approach is most likely to lead to poor investments?",
    "options": ["Thorough analysis", "Following hot tips without research", "Understanding risks", "Reading financial statements"],
    "correct": 1,
    "explanation": "Following hot tips without research often leads to poor investments. Understanding what you're buying is crucial for investment success.",
    "category": "twisted"
  },
  {
    "id": 92,
    "question": "What if you ignore tax implications of your investments?",
    "options": ["No impact", "Significantly reduce after-tax returns", "Improve returns", "Simplify investing"],
    "correct": 1,
    "explanation": "Ignoring taxes can significantly reduce your after-tax returns. Tax-efficient investing strategies can save thousands over time.",
    "category": "twisted"
  },
  {
    "id": 93,
    "question": "Which time horizon approach hurts long-term wealth building?",
    "options": ["Long-term focus", "Focusing only on short-term results", "Patient investing", "Compound growth mindset"],
    "correct": 1,
    "explanation": "Focusing only on short-term results can lead to impatience and poor decisions. Long-term thinking is essential for wealth building.",
    "category": "twisted"
  },
  {
    "id": 94,
    "question": "What's wrong with assuming all investment costs are the same?",
    "options": ["Simplifies decisions", "Miss opportunities to save thousands", "Accurate assumption", "Reduces complexity"],
    "correct": 1,
    "explanation": "Investment costs vary dramatically. Assuming they're all the same means missing opportunities to save thousands through lower-cost options.",
    "category": "twisted"
  },
  {
    "id": 95,
    "question": "Which financial independence approach is least likely to succeed?",
    "options": ["Systematic saving", "Hoping to win the lottery", "Consistent investing", "Living below means"],
    "correct": 1,
    "explanation": "Hoping to win the lottery is not a financial plan. Systematic saving, investing, and living below your means are proven paths to financial independence.",
    "category": "twisted"
  },
  {
    "id": 96,
    "question": "What happens if you only save when you feel like it?",
    "options": ["Optimal flexibility", "Inconsistent progress toward goals", "Better results", "Reduced stress"],
    "correct": 1,
    "explanation": "Saving only when you feel like it leads to inconsistent progress. Regular, automatic saving habits are more effective for reaching financial goals.",
    "category": "twisted"
  },
  {
    "id": 97,
    "question": "Which risk vs. reward understanding is most dangerous?",
    "options": ["Higher risk, higher potential return", "All investments are equally risky", "Risk and return are related", "Diversification reduces risk"],
    "correct": 1,
    "explanation": "Thinking all investments are equally risky is dangerous. Different investments have different risk levels, and understanding this is crucial for appropriate allocation.",
    "category": "twisted"
  },
  {
    "id": 98,
    "question": "What's the problem with using high-interest debt to invest?",
    "options": ["Accelerates wealth building", "Debt costs often exceed investment returns", "Reduces risk", "Improves diversification"],
    "correct": 1,
    "explanation": "High-interest debt (like credit cards at 20%+) typically costs more than investment returns. Pay off high-interest debt before investing.",
    "category": "twisted"
  },
  {
    "id": 99,
    "question": "Which patience approach to investing is most harmful?",
    "options": ["Long-term perspective", "Expecting overnight success", "Understanding compound growth", "Gradual wealth building"],
    "correct": 1,
    "explanation": "Expecting overnight success leads to disappointment and poor decisions. Wealth building requires patience and understanding that growth takes time.",
    "category": "twisted"
  },
  {
    "id": 100,
    "question": "What's the most dangerous advice for new investors?",
    "options": ["Start early and stay consistent", "Wait until you can time the market perfectly", "Invest regularly", "Focus on long-term goals"],
    "correct": 1,
    "explanation": "Waiting to time the market perfectly means never starting. The most important factors are starting early and staying consistent, not perfect timing.",
    "category": "twisted"
  }
]